chromosome,position,reference,alternative,quality
Wildtype,24388,A,G,225.417
Wildtype,29479,T,G,225.417
Wildtype,38250,C,G,222.379
Wildtype,47299,T,A,225.417
Wildtype,102969,G,C,225.417
Wildtype,103048,T,A,225.417
Wildtype,103379,gaaaa,gaaa,190.416
Wildtype,106602,T,G,225.417
Wildtype,106722,gttttt,gTttttt,225.417
Wildtype,109833,T,A,225.417
Wildtype,114540,att,at,225.417
Wildtype,129881,G,A,225.417
Wildtype,129882,T,A,225.417
Wildtype,138877,G,C,225.417
Wildtype,138920,A,G,224.417
Wildtype,138954,A,G,215.417
Wildtype,160547,gt,g,228.36
Wildtype,160552,ct,c,212.387
Wildtype,176122,taa,tAAAaa,228.355
Wildtype,190866,gtttt,gttt,225.417
